Company,Title,Location,Benefits,job_Post_date,job_link
Grupo Emefarma,Pessoa Auxiliar Atendimento ao Cliente - SAC,"Belford Roxo, Rio de Janeiro, Brazil",Be an early applicant,09-11-2023,https://br.linkedin.com/jobs/view/pessoa-auxiliar-atendimento-ao-cliente-sac-at-grupo-emefarma-3761512926?refId=FAZacg8JjMyREJJdybaOHw%3D%3D&trackingId=quiBLtZTi2NGaOC44qip8A%3D%3D&position=1&pageNum=0&trk=public_jobs_jserp-result_search-card
Pensi - Colégio e Curso,Recepcionista | Ilha do Governador,"Rio de Janeiro, Rio de Janeiro, Brazil",Be an early applicant,09-11-2023,https://br.linkedin.com/jobs/view/recepcionista-ilha-do-governador-at-pensi-col%C3%A9gio-e-curso-3761514699?refId=FAZacg8JjMyREJJdybaOHw%3D%3D&trackingId=C8erF6nipdC21Gj%2BTC0Zzw%3D%3D&position=2&pageNum=0&trk=public_jobs_jserp-result_search-card
Cacau Show,Analista de administração de vendas JR,"São Paulo, São Paulo, Brazil",Be an early applicant,09-11-2023,https://br.linkedin.com/jobs/view/analista-de-administra%C3%A7%C3%A3o-de-vendas-jr-at-cacau-show-3761515637?refId=FAZacg8JjMyREJJdybaOHw%3D%3D&trackingId=ckit7kG681RKXKrrv1dtZw%3D%3D&position=3&pageNum=0&trk=public_jobs_jserp-result_search-card
Farmácias Pague Menos,Pessoa Dermoconsultora - Modubim,"Fortaleza, Ceará, Brazil",Be an early applicant,09-11-2023,https://br.linkedin.com/jobs/view/pessoa-dermoconsultora-modubim-at-farm%C3%A1cias-pague-menos-3761512904?refId=FAZacg8JjMyREJJdybaOHw%3D%3D&trackingId=i4aYvOq8F6RFVJYFJnx%2BPQ%3D%3D&position=4&pageNum=0&trk=public_jobs_jserp-result_search-card
Valgroup,Auxiliar de Serviços Gerais JR - RP 828,"Manaus, Amazonas, Brazil",Be an early applicant,09-11-2023,https://br.linkedin.com/jobs/view/auxiliar-de-servi%C3%A7os-gerais-jr-rp-828-at-valgroup-3761513740?refId=FAZacg8JjMyREJJdybaOHw%3D%3D&trackingId=2hjSGQ1FjJKeVLe2Z9OQFg%3D%3D&position=5&pageNum=0&trk=public_jobs_jserp-result_search-card
D21 Motors | CAOA Chery,AUXILIAR DE RECEBIMENTO E ENTREGA,"Recife, Pernambuco, Brazil",Be an early applicant,09-11-2023,https://br.linkedin.com/jobs/view/auxiliar-de-recebimento-e-entrega-at-d21-motors-caoa-chery-3761511899?refId=FAZacg8JjMyREJJdybaOHw%3D%3D&trackingId=9N7HVJ8X9T8U601R6z0p%2Fw%3D%3D&position=6&pageNum=0&trk=public_jobs_jserp-result_search-card
Hotel Monte Alegre,recepcionista,"Rio de Janeiro, Rio de Janeiro, Brazil",Be an early applicant,09-11-2023,https://br.linkedin.com/jobs/view/recepcionista-at-hotel-monte-alegre-3761521561?refId=FAZacg8JjMyREJJdybaOHw%3D%3D&trackingId=Bkf5M%2FAO%2F4IU4LGXU1yf%2Fg%3D%3D&position=7&pageNum=0&trk=public_jobs_jserp-result_search-card
Alife Nino,Auxiliar Administrativo,"Brasília, Federal District, Brazil",Be an early applicant,09-11-2023,https://br.linkedin.com/jobs/view/auxiliar-administrativo-at-alife-nino-3761516638?refId=FAZacg8JjMyREJJdybaOHw%3D%3D&trackingId=LNIv0WLhyXc4P30%2B0b%2BaOA%3D%3D&position=8&pageNum=0&trk=public_jobs_jserp-result_search-card
GRUNNER Energia,Ajudante de Obras,"Cabo Frio, Rio de Janeiro, Brazil",Be an early applicant,09-11-2023,https://br.linkedin.com/jobs/view/ajudante-de-obras-at-grunner-energia-3761512738?refId=FAZacg8JjMyREJJdybaOHw%3D%3D&trackingId=IMUMfnlbmez6y4vPj3Er4g%3D%3D&position=9&pageNum=0&trk=public_jobs_jserp-result_search-card
Unimed Central de Serviços,Assistente de Relacionamento com Cliente,"Canoas, Rio Grande do Sul, Brazil",Be an early applicant,09-11-2023,https://br.linkedin.com/jobs/view/assistente-de-relacionamento-com-cliente-at-unimed-central-de-servi%C3%A7os-3761511869?refId=FAZacg8JjMyREJJdybaOHw%3D%3D&trackingId=dfyDmuHb7aTOvG%2FXynothw%3D%3D&position=10&pageNum=0&trk=public_jobs_jserp-result_search-card
AZM FinTech | عزم التقنية المالية,Product Manager,"Riyadh, Riyadh, Saudi Arabia",Be an early applicant,09-11-2023,https://sa.linkedin.com/jobs/view/product-manager-at-azm-fintech-%D8%B9%D8%B2%D9%85-%D8%A7%D9%84%D8%AA%D9%82%D9%86%D9%8A%D8%A9-%D8%A7%D9%84%D9%85%D8%A7%D9%84%D9%8A%D8%A9-3761523675?refId=FAZacg8JjMyREJJdybaOHw%3D%3D&trackingId=nkCkTVeEW5e8wIUD405mSg%3D%3D&position=11&pageNum=0&trk=public_jobs_jserp-result_search-card
Azul Linhas Aéreas Brasileiras,ALMOXARIFE I - GRU,"Guarulhos, São Paulo, Brazil",Be an early applicant,09-11-2023,https://br.linkedin.com/jobs/view/almoxarife-i-gru-at-azul-linhas-a%C3%A9reas-brasileiras-3761513765?refId=FAZacg8JjMyREJJdybaOHw%3D%3D&trackingId=uBCOC%2Fd32IHocbqh%2BjMzBg%3D%3D&position=12&pageNum=0&trk=public_jobs_jserp-result_search-card
Marista Brasil,Analista Folha de Pagamento Jr,"Curitiba, Paraná, Brazil",Be an early applicant,09-11-2023,https://br.linkedin.com/jobs/view/analista-folha-de-pagamento-jr-at-marista-brasil-3761513748?refId=FAZacg8JjMyREJJdybaOHw%3D%3D&trackingId=ctzuA98fXnEqnOtzSio%2B5w%3D%3D&position=13&pageNum=0&trk=public_jobs_jserp-result_search-card
Afya,AFYA SP | Pessoa Estagiária de Aprendizagem e Conteúdo,"São Paulo, São Paulo, Brazil",Be an early applicant,09-11-2023,https://br.linkedin.com/jobs/view/afya-sp-pessoa-estagi%C3%A1ria-de-aprendizagem-e-conte%C3%BAdo-at-afya-3761512924?refId=FAZacg8JjMyREJJdybaOHw%3D%3D&trackingId=bYUEHV3BkVWlVfe34E89zA%3D%3D&position=14&pageNum=0&trk=public_jobs_jserp-result_search-card
EMS,"PROPAGANDISTA VENDEDOR JR - EMS PRESCRICAO - São Paulo, São Paulo, Brasil",Brazil,Be an early applicant,09-11-2023,https://br.linkedin.com/jobs/view/propagandista-vendedor-jr-ems-prescricao-s%C3%A3o-paulo-s%C3%A3o-paulo-brasil-at-ems-3761516637?refId=FAZacg8JjMyREJJdybaOHw%3D%3D&trackingId=o0FZdlPAxx2GYJIqVmMuGw%3D%3D&position=15&pageNum=0&trk=public_jobs_jserp-result_search-card
Construcolor,auxiliar financeiro - home office,Greater Florianopolis,Be an early applicant,09-11-2023,https://br.linkedin.com/jobs/view/auxiliar-financeiro-home-office-at-construcolor-3761523420?refId=FAZacg8JjMyREJJdybaOHw%3D%3D&trackingId=c1NDyb47%2FccGY1lrHd3E0g%3D%3D&position=16&pageNum=0&trk=public_jobs_jserp-result_search-card
Jersey City Free Public Library,Library Page - Biblioteca Criolla,"Jersey City, NJ",Be an early applicant,09-11-2023,https://www.linkedin.com/jobs/view/library-page-biblioteca-criolla-at-jersey-city-free-public-library-3761520921?refId=FAZacg8JjMyREJJdybaOHw%3D%3D&trackingId=fn4zQW3la4a0eUoBlcEo8A%3D%3D&position=17&pageNum=0&trk=public_jobs_jserp-result_search-card
Supermercados Guanabara,Balconista de laticínios - Nova Iguaçu / RJ,"Nova Iguaçu, Rio de Janeiro, Brazil",Be an early applicant,09-11-2023,https://br.linkedin.com/jobs/view/balconista-de-latic%C3%ADnios-nova-igua%C3%A7u-rj-at-supermercados-guanabara-3761515668?refId=FAZacg8JjMyREJJdybaOHw%3D%3D&trackingId=XDSFlgOmnKXZ5A9L9bRqHA%3D%3D&position=19&pageNum=0&trk=public_jobs_jserp-result_search-card
D21 Motors | CAOA Chery,CONTROLADOR DE INVENTÁRIO,"Salvador, Bahia, Brazil",Be an early applicant,09-11-2023,https://br.linkedin.com/jobs/view/controlador-de-invent%C3%A1rio-at-d21-motors-caoa-chery-3761511881?refId=FAZacg8JjMyREJJdybaOHw%3D%3D&trackingId=XQz62L%2BCmYDOCAeyznzkpA%3D%3D&position=20&pageNum=0&trk=public_jobs_jserp-result_search-card
Cassia - An Augustana | Elim Affiliation,Activities Director,"Minneapolis, MN",Be an early applicant,09-11-2023,https://www.linkedin.com/jobs/view/activities-director-at-cassia-an-augustana-elim-affiliation-3761520795?refId=FAZacg8JjMyREJJdybaOHw%3D%3D&trackingId=YdEoU4dw5rAbYDfTIsOJuw%3D%3D&position=21&pageNum=0&trk=public_jobs_jserp-result_search-card
Grupo Marquise,Secretária Executiva,"Fortaleza, Ceará, Brazil",Be an early applicant,09-11-2023,https://br.linkedin.com/jobs/view/secret%C3%A1ria-executiva-at-grupo-marquise-3761513733?refId=FAZacg8JjMyREJJdybaOHw%3D%3D&trackingId=kCUsVseeisAKAxqwzsFZCw%3D%3D&position=23&pageNum=0&trk=public_jobs_jserp-result_search-card
ID Logistics - Brasil,Assistente Administrativo,"Brasília, Federal District, Brazil",Be an early applicant,09-11-2023,https://br.linkedin.com/jobs/view/assistente-administrativo-at-id-logistics-brasil-3761511908?refId=FAZacg8JjMyREJJdybaOHw%3D%3D&trackingId=2HI5g7GQKUNkFG46w0yaXQ%3D%3D&position=24&pageNum=0&trk=public_jobs_jserp-result_search-card
Construtora Tenda,Almoxarife,"Salvador, Bahia, Brazil",Be an early applicant,09-11-2023,https://br.linkedin.com/jobs/view/almoxarife-at-construtora-tenda-3761511906?refId=FAZacg8JjMyREJJdybaOHw%3D%3D&trackingId=0R4jkmfTagV793F7c5MUPg%3D%3D&position=25&pageNum=0&trk=public_jobs_jserp-result_search-card
ID Logistics - Brasil,Assistente Administrativo,"Brasília, Federal District, Brazil",Be an early applicant,09-11-2023,https://br.linkedin.com/jobs/view/assistente-administrativo-at-id-logistics-brasil-3761511908?refId=LH5TkMHfLklArSAukV7MoA%3D%3D&trackingId=9CngxqZJaMGVTeY85I4ZRg%3D%3D&position=1&pageNum=1&trk=public_jobs_jserp-result_search-card
Atlantica Hotels International,Camareira(o),"Serra, Espírito Santo, Brazil",Be an early applicant,09-11-2023,https://br.linkedin.com/jobs/view/camareira-o-at-atlantica-hospitality-international-3761513737?refId=LH5TkMHfLklArSAukV7MoA%3D%3D&trackingId=RuXq9X%2Fvm3JlPekTzbxNuA%3D%3D&position=2&pageNum=1&trk=public_jobs_jserp-result_search-card
Atlantica Hotels International,Analista Administrativo,"Vitória, Espírito Santo, Brazil",Be an early applicant,09-11-2023,https://br.linkedin.com/jobs/view/analista-administrativo-at-atlantica-hospitality-international-3761511948?refId=LH5TkMHfLklArSAukV7MoA%3D%3D&trackingId=CsT38XFe13F0buH%2F43uLTQ%3D%3D&position=3&pageNum=1&trk=public_jobs_jserp-result_search-card
Farmácias Pague Menos,Pessoa Operadora de Caixa - Quatro Bocas,"Tomé-Açu, Pará, Brazil",Be an early applicant,09-11-2023,https://br.linkedin.com/jobs/view/pessoa-operadora-de-caixa-quatro-bocas-at-farm%C3%A1cias-pague-menos-3761516630?refId=LH5TkMHfLklArSAukV7MoA%3D%3D&trackingId=qY%2Bmv9UBznlOq3TPM6tAAA%3D%3D&position=4&pageNum=1&trk=public_jobs_jserp-result_search-card
Farmácias Pague Menos,Fiscal de Estacionamento - Tirol,"Natal, Rio Grande do Norte, Brazil",Be an early applicant,09-11-2023,https://br.linkedin.com/jobs/view/fiscal-de-estacionamento-tirol-at-farm%C3%A1cias-pague-menos-3761513717?refId=LH5TkMHfLklArSAukV7MoA%3D%3D&trackingId=6eJAQj9xk0VgVsPO1SHspQ%3D%3D&position=5&pageNum=1&trk=public_jobs_jserp-result_search-card
Valentino,Logistics Assistant,"Singapore, Singapore",Be an early applicant,09-11-2023,https://sg.linkedin.com/jobs/view/logistics-assistant-at-valentino-3761511665?refId=LH5TkMHfLklArSAukV7MoA%3D%3D&trackingId=Qyd0K1mZf0k04OMsHovjtg%3D%3D&position=6&pageNum=1&trk=public_jobs_jserp-result_search-card
Peahi,vendedor - home office,"Volta Redonda, Rio de Janeiro, Brazil",Be an early applicant,09-11-2023,https://br.linkedin.com/jobs/view/vendedor-home-office-at-peahi-3761525077?refId=LH5TkMHfLklArSAukV7MoA%3D%3D&trackingId=mK98M%2Fzt96KFi62c0L49Tw%3D%3D&position=7&pageNum=1&trk=public_jobs_jserp-result_search-card
Farmácias Pague Menos,Pessoa Operadora de Caixa - Joao Paulo,"São Luís, Maranhão, Brazil",Be an early applicant,09-11-2023,https://br.linkedin.com/jobs/view/pessoa-operadora-de-caixa-joao-paulo-at-farm%C3%A1cias-pague-menos-3761511951?refId=LH5TkMHfLklArSAukV7MoA%3D%3D&trackingId=4Gj8iRR%2BMwmz43vbQUG51g%3D%3D&position=8&pageNum=1&trk=public_jobs_jserp-result_search-card
Safra,Operador Comercial Leves - Safra Financeira - Criciuma | Içara - SC,"Santa Catarina, Brazil",Be an early applicant,09-11-2023,https://br.linkedin.com/jobs/view/operador-comercial-leves-safra-financeira-criciuma-i%C3%A7ara-sc-at-safra-3761514777?refId=LH5TkMHfLklArSAukV7MoA%3D%3D&trackingId=b%2F48uAHTHDdiDC8b7lKlvQ%3D%3D&position=9&pageNum=1&trk=public_jobs_jserp-result_search-card
AZM FinTech | عزم التقنية المالية,Product Associate,"Riyadh, Riyadh, Saudi Arabia",Be an early applicant,09-11-2023,https://sa.linkedin.com/jobs/view/product-associate-at-azm-fintech-%D8%B9%D8%B2%D9%85-%D8%A7%D9%84%D8%AA%D9%82%D9%86%D9%8A%D8%A9-%D8%A7%D9%84%D9%85%D8%A7%D9%84%D9%8A%D8%A9-3761520995?refId=LH5TkMHfLklArSAukV7MoA%3D%3D&trackingId=dlTVXQnXt%2FICW1wusInXuw%3D%3D&position=10&pageNum=1&trk=public_jobs_jserp-result_search-card
WG Trade Promo,Repositor de Mercadorias,"Brasília, Federal District, Brazil",Be an early applicant,09-11-2023,https://br.linkedin.com/jobs/view/repositor-de-mercadorias-at-wg-trade-promo-3761519365?refId=LH5TkMHfLklArSAukV7MoA%3D%3D&trackingId=H49BjF%2B%2BK%2Ff7iWlm3SIl5Q%3D%3D&position=11&pageNum=1&trk=public_jobs_jserp-result_search-card
WAM Hotéis,CAMAREIRA,"Fortaleza, Ceará, Brazil",Be an early applicant,09-11-2023,https://br.linkedin.com/jobs/view/camareira-at-wam-hot%C3%A9is-3761518220?refId=LH5TkMHfLklArSAukV7MoA%3D%3D&trackingId=7zb%2F766HmcKlOxpKyou5OA%3D%3D&position=12&pageNum=1&trk=public_jobs_jserp-result_search-card
NES Fircroft,HR Assistant - Government Relations,"Riyadh, Saudi Arabia",Actively Hiring,09-11-2023,https://sa.linkedin.com/jobs/view/hr-assistant-government-relations-at-nes-fircroft-3761516971?refId=LH5TkMHfLklArSAukV7MoA%3D%3D&trackingId=64RK6X2PQxc%2F2ZhLDNoVFQ%3D%3D&position=13&pageNum=1&trk=public_jobs_jserp-result_search-card
Colégio Pentágono,Analista de Captação e Integração de Alunos,"São Paulo, São Paulo, Brazil",Be an early applicant,09-11-2023,https://br.linkedin.com/jobs/view/analista-de-capta%C3%A7%C3%A3o-e-integra%C3%A7%C3%A3o-de-alunos-at-col%C3%A9gio-pent%C3%A1gono-3761514635?refId=LH5TkMHfLklArSAukV7MoA%3D%3D&trackingId=4iOssCtt8k0LhDgs5PqVYQ%3D%3D&position=14&pageNum=1&trk=public_jobs_jserp-result_search-card
Westward360,Receptionist/Administrative Assistant,"Tinley Park, IL",Be an early applicant,09-11-2023,https://www.linkedin.com/jobs/view/receptionist-administrative-assistant-at-westward360-3761523497?refId=LH5TkMHfLklArSAukV7MoA%3D%3D&trackingId=8R%2BfNkycKIt5yxcQJDzegw%3D%3D&position=15&pageNum=1&trk=public_jobs_jserp-result_search-card
Farmácias Pague Menos,Pessoa Operadora de Caixa - Benfica,"Fortaleza, Ceará, Brazil",Be an early applicant,09-11-2023,https://br.linkedin.com/jobs/view/pessoa-operadora-de-caixa-benfica-at-farm%C3%A1cias-pague-menos-3761518253?refId=LH5TkMHfLklArSAukV7MoA%3D%3D&trackingId=0p9R0HJEOeRnvvzKf%2BOORQ%3D%3D&position=16&pageNum=1&trk=public_jobs_jserp-result_search-card
Colégio Ideal Brasília,Inspetor Escolar - Brasília,"Brasília, Federal District, Brazil",Be an early applicant,09-11-2023,https://br.linkedin.com/jobs/view/inspetor-escolar-bras%C3%ADlia-at-col%C3%A9gio-ideal-bras%C3%ADlia-3761515633?refId=LH5TkMHfLklArSAukV7MoA%3D%3D&trackingId=yh4AINjo1L2ETBbtIzObAg%3D%3D&position=17&pageNum=1&trk=public_jobs_jserp-result_search-card
NOLA Management Group Inc,Marketing Assistant,"Metairie, LA",Be an early applicant,09-11-2023,https://www.linkedin.com/jobs/view/marketing-assistant-at-nola-management-group-inc-3761519917?refId=LH5TkMHfLklArSAukV7MoA%3D%3D&trackingId=q4uOHGP9u%2Fb7fFrkEUf8Hg%3D%3D&position=18&pageNum=1&trk=public_jobs_jserp-result_search-card
Spread Your Wings LLC,Personal Attendant,"Santa Ana, CA",Be an early applicant,09-11-2023,https://www.linkedin.com/jobs/view/personal-attendant-at-spread-your-wings-llc-3761523500?refId=LH5TkMHfLklArSAukV7MoA%3D%3D&trackingId=Ch05LF19Kk2m0gSI8j0G3g%3D%3D&position=19&pageNum=1&trk=public_jobs_jserp-result_search-card
FTD Educação,Analista Administração Pessoal Jr,"São Paulo, São Paulo, Brazil",Be an early applicant,09-11-2023,https://br.linkedin.com/jobs/view/analista-administra%C3%A7%C3%A3o-pessoal-jr-at-ftd-educa%C3%A7%C3%A3o-3761516577?refId=LH5TkMHfLklArSAukV7MoA%3D%3D&trackingId=H1DxR%2Bm1aYPDeAPAiTT%2BCQ%3D%3D&position=20&pageNum=1&trk=public_jobs_jserp-result_search-card
VR SOFTWARE,Assistente Financeiro,"Recife, Pernambuco, Brazil",Be an early applicant,09-11-2023,https://br.linkedin.com/jobs/view/assistente-financeiro-at-vr-software-3761520005?refId=LH5TkMHfLklArSAukV7MoA%3D%3D&trackingId=v0oxDcZcJ%2B%2F9N04onMbT5A%3D%3D&position=21&pageNum=1&trk=public_jobs_jserp-result_search-card
Universidade Cruzeiro do Sul,ELETRICISTA,"João Pessoa, Paraíba, Brazil",Be an early applicant,09-11-2023,https://br.linkedin.com/jobs/view/eletricista-at-universidade-cruzeiro-do-sul-3761512937?refId=LH5TkMHfLklArSAukV7MoA%3D%3D&trackingId=WdYcUxrkH2gZNKMwFgWTRQ%3D%3D&position=22&pageNum=1&trk=public_jobs_jserp-result_search-card
Cinemark Brasil,Gerente de Operações - Minas Gerais,"Belo Horizonte, Minas Gerais, Brazil",Be an early applicant,09-11-2023,https://br.linkedin.com/jobs/view/gerente-de-opera%C3%A7%C3%B5es-minas-gerais-at-cinemark-brasil-3761516633?refId=LH5TkMHfLklArSAukV7MoA%3D%3D&trackingId=GGjAqZHXFhyqHwB%2BiC6w6w%3D%3D&position=23&pageNum=1&trk=public_jobs_jserp-result_search-card
DrSnip® The Vasectomy Clinic™,Medical Assistant,"Portland, OR",Be an early applicant,09-11-2023,https://www.linkedin.com/jobs/view/medical-assistant-at-drsnip%C2%AE-the-vasectomy-clinic%E2%84%A2-3761524557?refId=LH5TkMHfLklArSAukV7MoA%3D%3D&trackingId=ZOmwsyIssJoLpvzn9sv4pA%3D%3D&position=25&pageNum=1&trk=public_jobs_jserp-result_search-card
CLAMED - Cia Latino Americana de Medicamentos,Atendente - Farmácia Preço Popular Rio do Sul Canoas,"Rio do Sul, Santa Catarina, Brazil",Be an early applicant,09-11-2023,https://br.linkedin.com/jobs/view/atendente-farm%C3%A1cia-pre%C3%A7o-popular-rio-do-sul-canoas-at-clamed-farm%C3%A1cias-3761512948?refId=JweWTdBePah%2BkaMxBxKsQQ%3D%3D&trackingId=rWQHTKA0lkqs4FvX%2FSTCnw%3D%3D&position=1&pageNum=2&trk=public_jobs_jserp-result_search-card
"Department for Levelling Up, Housing and Communities",Service Owner,"Darlington, England, United Kingdom",Be an early applicant,09-11-2023,https://uk.linkedin.com/jobs/view/service-owner-at-department-for-levelling-up-housing-and-communities-3761510502?refId=JweWTdBePah%2BkaMxBxKsQQ%3D%3D&trackingId=gV%2FQdnvf2u77vWagl1b7XA%3D%3D&position=3&pageNum=2&trk=public_jobs_jserp-result_search-card
Movida Aluguel de Carros,AUXILIAR DE LOCAÇÃO MULTIFUNCIONAL,"Recife, Pernambuco, Brazil",Be an early applicant,09-11-2023,https://br.linkedin.com/jobs/view/auxiliar-de-loca%C3%A7%C3%A3o-multifuncional-at-movida-aluguel-de-carros-3761511917?refId=JweWTdBePah%2BkaMxBxKsQQ%3D%3D&trackingId=o8OQrnNM7%2Ft5LYVIfQZ8xg%3D%3D&position=4&pageNum=2&trk=public_jobs_jserp-result_search-card
Estapar,AUXILIAR DE MANUTENCAO - Salvador,"Salvador, Bahia, Brazil",Be an early applicant,09-11-2023,https://br.linkedin.com/jobs/view/auxiliar-de-manutencao-salvador-at-estapar-3761516609?refId=JweWTdBePah%2BkaMxBxKsQQ%3D%3D&trackingId=8X8qtVzjcYkP2uqL8lUhWw%3D%3D&position=5&pageNum=2&trk=public_jobs_jserp-result_search-card
Azul Linhas Aéreas Brasileiras,ANALISTA CONTAS A RECEBER SR - MTZ,"Barueri, São Paulo, Brazil",Be an early applicant,09-11-2023,https://br.linkedin.com/jobs/view/analista-contas-a-receber-sr-mtz-at-azul-linhas-a%C3%A9reas-brasileiras-3761513769?refId=JweWTdBePah%2BkaMxBxKsQQ%3D%3D&trackingId=vxLWE0RMRqy5RsslggXQtg%3D%3D&position=6&pageNum=2&trk=public_jobs_jserp-result_search-card
DHL Supply Chain,Auxiliar administrativo CAD,"Cundinamarca, Colombia",Be an early applicant,09-11-2023,https://co.linkedin.com/jobs/view/auxiliar-administrativo-cad-at-dhl-supply-chain-3761511253?refId=JweWTdBePah%2BkaMxBxKsQQ%3D%3D&trackingId=S3Oh5SQnKLLE9nwy0ZdO4g%3D%3D&position=7&pageNum=2&trk=public_jobs_jserp-result_search-card
ID Logistics - Brasil,Analista Administrativo - Filial 16,"Brasília, Federal District, Brazil",Be an early applicant,09-11-2023,https://br.linkedin.com/jobs/view/analista-administrativo-filial-16-at-id-logistics-brasil-3761518232?refId=JweWTdBePah%2BkaMxBxKsQQ%3D%3D&trackingId=2AZ%2FQrwTU76mR733bAUcQg%3D%3D&position=8&pageNum=2&trk=public_jobs_jserp-result_search-card
Afya,AFYA SP | Assistente de Cobrança,"São Paulo, São Paulo, Brazil",Be an early applicant,09-11-2023,https://br.linkedin.com/jobs/view/afya-sp-assistente-de-cobran%C3%A7a-at-afya-3761518272?refId=JweWTdBePah%2BkaMxBxKsQQ%3D%3D&trackingId=F1sB0Q3UrPfrwIh8JkEvow%3D%3D&position=10&pageNum=2&trk=public_jobs_jserp-result_search-card
CantuStore,Assistente de Logística Jr,"Barueri, São Paulo, Brazil",Be an early applicant,09-11-2023,https://br.linkedin.com/jobs/view/assistente-de-log%C3%ADstica-jr-at-cantustore-3761516593?refId=JweWTdBePah%2BkaMxBxKsQQ%3D%3D&trackingId=O4aVelibCPM3m67jrBCXvA%3D%3D&position=11&pageNum=2&trk=public_jobs_jserp-result_search-card
TLP,Facilitador Multidisciplinar,"Belo Horizonte, Minas Gerais, Brazil",Be an early applicant,09-11-2023,https://br.linkedin.com/jobs/view/facilitador-multidisciplinar-at-tlp-3761515630?refId=JweWTdBePah%2BkaMxBxKsQQ%3D%3D&trackingId=%2FRPSMqh2MeWRU56n0FfQyg%3D%3D&position=12&pageNum=2&trk=public_jobs_jserp-result_search-card
Solar Coca-Cola,Auxiliar de Entrega,"Manaus, Amazonas, Brazil",Be an early applicant,09-11-2023,https://br.linkedin.com/jobs/view/auxiliar-de-entrega-at-solar-coca-cola-3761515654?refId=JweWTdBePah%2BkaMxBxKsQQ%3D%3D&trackingId=qIkbXAGeeTYRoowf6wf6cA%3D%3D&position=13&pageNum=2&trk=public_jobs_jserp-result_search-card
SSA - São Salvador Alimentos,Analista Administrativo - Portaria e Vigilância - ITA,"Itaberaí, Goiás, Brazil",Be an early applicant,09-11-2023,https://br.linkedin.com/jobs/view/analista-administrativo-portaria-e-vigil%C3%A2ncia-ita-at-ssa-s%C3%A3o-salvador-alimentos-3761517216?refId=JweWTdBePah%2BkaMxBxKsQQ%3D%3D&trackingId=3ubnZwseh8WT0oy%2FPmWZlg%3D%3D&position=14&pageNum=2&trk=public_jobs_jserp-result_search-card
"Department for Levelling Up, Housing and Communities",Policy Officer: Emergency Preparedness and Response,"London, England, United Kingdom",Be an early applicant,09-11-2023,https://uk.linkedin.com/jobs/view/policy-officer-emergency-preparedness-and-response-at-department-for-levelling-up-housing-and-communities-3761507677?refId=JweWTdBePah%2BkaMxBxKsQQ%3D%3D&trackingId=ZeHGlw1LDB68YVeu8eeewQ%3D%3D&position=15&pageNum=2&trk=public_jobs_jserp-result_search-card
White Martins,ASSISTENTE ADMINISTRATIVO- BELÉM/PA (CÓPIA),"Belém, Pará, Brazil",Be an early applicant,08-11-2023,https://br.linkedin.com/jobs/view/assistente-administrativo-bel%C3%A9m-pa-c%C3%B3pia-at-white-martins-3761511932?refId=JweWTdBePah%2BkaMxBxKsQQ%3D%3D&trackingId=bFbUR36R2JB8CVi9OOpt%2Bg%3D%3D&position=16&pageNum=2&trk=public_jobs_jserp-result_search-card
Grupo Gera,Auxiliar Administrativo de Obras,"Aparecida do Taboado, Mato Grosso do Sul, Brazil",Be an early applicant,09-11-2023,https://br.linkedin.com/jobs/view/auxiliar-administrativo-de-obras-at-grupo-gera-3761520810?refId=JweWTdBePah%2BkaMxBxKsQQ%3D%3D&trackingId=%2FWgu%2FZouIO5F3jUKG1favg%3D%3D&position=17&pageNum=2&trk=public_jobs_jserp-result_search-card
PetroReconcavo,Analista de Logistica III,"Salvador, Bahia, Brazil",Be an early applicant,09-11-2023,https://br.linkedin.com/jobs/view/analista-de-logistica-iii-at-petroreconcavo-3761513767?refId=JweWTdBePah%2BkaMxBxKsQQ%3D%3D&trackingId=vdtuCienyHDWPhtYL%2Bb77g%3D%3D&position=18&pageNum=2&trk=public_jobs_jserp-result_search-card
Transfepaje Transportes,Auxiliar Administrativo,"Foz do Iguaçu, Paraná, Brazil",Be an early applicant,09-11-2023,https://br.linkedin.com/jobs/view/auxiliar-administrativo-at-transfepaje-transportes-3761515357?refId=JweWTdBePah%2BkaMxBxKsQQ%3D%3D&trackingId=2Tq3qZaO4J0BHJ%2FARaW%2BJQ%3D%3D&position=19&pageNum=2&trk=public_jobs_jserp-result_search-card
INICIATIVA RH,vendedor interno - home office,"Itajaí, Santa Catarina, Brazil",Be an early applicant,09-11-2023,https://br.linkedin.com/jobs/view/vendedor-interno-home-office-at-iniciativa-rh-3761525145?refId=JweWTdBePah%2BkaMxBxKsQQ%3D%3D&trackingId=XJYMghmcZEW3qauOORM%2FXA%3D%3D&position=20&pageNum=2&trk=public_jobs_jserp-result_search-card
Farmácias Pague Menos,Gerente de Loja - Aldeota,"Fortaleza, Ceará, Brazil",Be an early applicant,09-11-2023,https://br.linkedin.com/jobs/view/gerente-de-loja-aldeota-at-farm%C3%A1cias-pague-menos-3761517253?refId=JweWTdBePah%2BkaMxBxKsQQ%3D%3D&trackingId=PyygMYvS1CRb5VJLOmrGkw%3D%3D&position=21&pageNum=2&trk=public_jobs_jserp-result_search-card
GRUNNER Energia,Eletricista,"Cabo Frio, Rio de Janeiro, Brazil",Be an early applicant,09-11-2023,https://br.linkedin.com/jobs/view/eletricista-at-grunner-energia-3761512741?refId=JweWTdBePah%2BkaMxBxKsQQ%3D%3D&trackingId=RcnOEYSDqJ%2Bjrg9qwVMFKg%3D%3D&position=22&pageNum=2&trk=public_jobs_jserp-result_search-card
NES Fircroft,Credit Controller,"Dhahran, Eastern, Saudi Arabia",Be an early applicant,09-11-2023,https://sa.linkedin.com/jobs/view/credit-controller-at-nes-fircroft-3761516281?refId=JweWTdBePah%2BkaMxBxKsQQ%3D%3D&trackingId=o%2BRHwTdv%2FbP7fLr4tDs26g%3D%3D&position=23&pageNum=2&trk=public_jobs_jserp-result_search-card
Grupo Dreamers,Assistente de Projetos,"São Paulo, São Paulo, Brazil",Be an early applicant,09-11-2023,https://br.linkedin.com/jobs/view/assistente-de-projetos-at-grupo-dreamers-3761511919?refId=JweWTdBePah%2BkaMxBxKsQQ%3D%3D&trackingId=4kluBoKLaW6rD7CQlsBtjQ%3D%3D&position=24&pageNum=2&trk=public_jobs_jserp-result_search-card
Farma Ponte,Auxiliar de Farmácia III (com experiência em Drogaria) - PERIODO TARDE/NOITE,"Boituva, São Paulo, Brazil",Be an early applicant,09-11-2023,https://br.linkedin.com/jobs/view/auxiliar-de-farm%C3%A1cia-iii-com-experi%C3%AAncia-em-drogaria-periodo-tarde-noite-at-farma-ponte-3761511342?refId=2vhBG6kZcYK6cQTEkdc7dg%3D%3D&trackingId=DMiFxdDOCB9StqEPKWDDcg%3D%3D&position=1&pageNum=3&trk=public_jobs_jserp-result_search-card
Embrace Management,Junior Marketing Assistant - Full Time,"Bronx, NY",Be an early applicant,09-11-2023,https://www.linkedin.com/jobs/view/junior-marketing-assistant-full-time-at-embrace-management-3761524600?refId=2vhBG6kZcYK6cQTEkdc7dg%3D%3D&trackingId=IYY8eTQoS3zvj5uKCfxSWg%3D%3D&position=2&pageNum=3&trk=public_jobs_jserp-result_search-card
"Department for Levelling Up, Housing and Communities",Home Office Analysis and Insight Embed Analyst,"London, England, United Kingdom",Be an early applicant,09-11-2023,https://uk.linkedin.com/jobs/view/home-office-analysis-and-insight-embed-analyst-at-department-for-levelling-up-housing-and-communities-3761507850?refId=2vhBG6kZcYK6cQTEkdc7dg%3D%3D&trackingId=nnqEN8FY3R45L1sxLgVpmw%3D%3D&position=3&pageNum=3&trk=public_jobs_jserp-result_search-card
Sevita,Residential Supervisor,"Waterloo, IA",Be an early applicant,09-11-2023,https://www.linkedin.com/jobs/view/residential-supervisor-at-sevita-3761521577?refId=2vhBG6kZcYK6cQTEkdc7dg%3D%3D&trackingId=LrFDpgeNfYXymffXcFsICw%3D%3D&position=4&pageNum=3&trk=public_jobs_jserp-result_search-card
Hospital Vila da Serra,FATURISTA,"Rajasthan, India",Be an early applicant,09-11-2023,https://in.linkedin.com/jobs/view/faturista-at-hospital-vila-da-serra-3761525130?refId=2vhBG6kZcYK6cQTEkdc7dg%3D%3D&trackingId=JBqZEPwidZ8Mdotv9jl9rQ%3D%3D&position=5&pageNum=3&trk=public_jobs_jserp-result_search-card
inclua,Dentista Cirurgião - RJ Bota Fogo (RioSul),"Rio de Janeiro, Rio de Janeiro, Brazil",Be an early applicant,09-11-2023,https://br.linkedin.com/jobs/view/dentista-cirurgi%C3%A3o-rj-bota-fogo-riosul-at-inclua-3761513610?refId=2vhBG6kZcYK6cQTEkdc7dg%3D%3D&trackingId=JQxy36yKHCV4e8lALGZ3RQ%3D%3D&position=6&pageNum=3&trk=public_jobs_jserp-result_search-card
The National Lottery Community Fund,Innovation Team,"Wales, United Kingdom",Be an early applicant,09-11-2023,https://uk.linkedin.com/jobs/view/innovation-team-at-the-national-lottery-community-fund-3761507628?refId=2vhBG6kZcYK6cQTEkdc7dg%3D%3D&trackingId=7wo6eVvj9QN8VG9BoNUDcw%3D%3D&position=7&pageNum=3&trk=public_jobs_jserp-result_search-card
BioTAB Healthcare,Clinical Territory Manager,"Davenport, IA",Be an early applicant,09-11-2023,https://www.linkedin.com/jobs/view/clinical-territory-manager-at-biotab-healthcare-3761520925?refId=2vhBG6kZcYK6cQTEkdc7dg%3D%3D&trackingId=hsVftZieghejuDOC8GhqjQ%3D%3D&position=9&pageNum=3&trk=public_jobs_jserp-result_search-card
Tahto,SECRETÁRIA EXECUTIVA - GOIÂNIA/GO - STAFF,"Goiânia, Goiás, Brazil",Be an early applicant,09-11-2023,https://br.linkedin.com/jobs/view/secret%C3%A1ria-executiva-goi%C3%A2nia-go-staff-at-tahto-3761512933?refId=2vhBG6kZcYK6cQTEkdc7dg%3D%3D&trackingId=9pFqcnNnIZI3XiqMQMv0uA%3D%3D&position=10&pageNum=3&trk=public_jobs_jserp-result_search-card
DM,"Vendas | Atendente Negócios (Lajeado, RS)","Lajeado, Rio Grande do Sul, Brazil",Be an early applicant,09-11-2023,https://br.linkedin.com/jobs/view/vendas-atendente-neg%C3%B3cios-lajeado-rs-at-dm-3761517196?refId=2vhBG6kZcYK6cQTEkdc7dg%3D%3D&trackingId=BS6kWJmzAVF2%2BUMaxzNjow%3D%3D&position=12&pageNum=3&trk=public_jobs_jserp-result_search-card
GreenSlate,Data Validation Specialist [Costa Rica],"Cartago, Cartago, Costa Rica",Be an early applicant,09-11-2023,https://cr.linkedin.com/jobs/view/data-validation-specialist-costa-rica-at-greenslate-3761525245?refId=2vhBG6kZcYK6cQTEkdc7dg%3D%3D&trackingId=S4tJWGKlGUarpLM23u19KQ%3D%3D&position=13&pageNum=3&trk=public_jobs_jserp-result_search-card
Grupo CAOA,INSTALADOR DE ACESSÓRIOS,"Fortaleza, Ceará, Brazil",Be an early applicant,09-11-2023,https://br.linkedin.com/jobs/view/instalador-de-acess%C3%B3rios-at-caoa-3761513688?refId=2vhBG6kZcYK6cQTEkdc7dg%3D%3D&trackingId=rL%2FHMJ935jNEZZn0Fm3XGg%3D%3D&position=14&pageNum=3&trk=public_jobs_jserp-result_search-card
MedHealth,Customer Service Officer,"Wembley, Western Australia, Australia",Be an early applicant,09-11-2023,https://au.linkedin.com/jobs/view/customer-service-officer-at-medhealth-3761527003?refId=2vhBG6kZcYK6cQTEkdc7dg%3D%3D&trackingId=mOu61rTRMa69EAwc%2Bli97Q%3D%3D&position=16&pageNum=3&trk=public_jobs_jserp-result_search-card
SPDM - Associação Paulista para o Desenvolvimento da Medicina,RECEPCIONISTA,"São Paulo, São Paulo, Brazil",Be an early applicant,09-11-2023,https://br.linkedin.com/jobs/view/recepcionista-at-spdm-associa%C3%A7%C3%A3o-paulista-para-o-desenvolvimento-da-medicina-3761517293?refId=2vhBG6kZcYK6cQTEkdc7dg%3D%3D&trackingId=ml%2F5XDJ6DfHKwwfcK2TQIA%3D%3D&position=17&pageNum=3&trk=public_jobs_jserp-result_search-card
PaulsCorp,Groundskeeper_Porter,"Lewisville, TX",Be an early applicant,09-11-2023,https://www.linkedin.com/jobs/view/groundskeeper-porter-at-paulscorp-3761520808?refId=2vhBG6kZcYK6cQTEkdc7dg%3D%3D&trackingId=HCkHQds75WxGpdCmNjMldw%3D%3D&position=18&pageNum=3&trk=public_jobs_jserp-result_search-card
Ajinomoto do Brasil Industria e Comércio de Alimentos Ltda.,Operador de Produção,"Limeira, São Paulo, Brazil",Be an early applicant,09-11-2023,https://br.linkedin.com/jobs/view/operador-de-produ%C3%A7%C3%A3o-at-ajinomoto-do-brasil-industria-e-com%C3%A9rcio-de-alimentos-ltda-3761513663?refId=2vhBG6kZcYK6cQTEkdc7dg%3D%3D&trackingId=DTfj41M3jg6BC4WqGsk98A%3D%3D&position=19&pageNum=3&trk=public_jobs_jserp-result_search-card
"Department for Levelling Up, Housing and Communities",Delivery officer for Scotland Team,"Edinburgh, Scotland, United Kingdom",Be an early applicant,09-11-2023,https://uk.linkedin.com/jobs/view/delivery-officer-for-scotland-team-at-department-for-levelling-up-housing-and-communities-3761510321?refId=2vhBG6kZcYK6cQTEkdc7dg%3D%3D&trackingId=Jyk%2BaIjMuyxOxy4B0ofD8g%3D%3D&position=20&pageNum=3&trk=public_jobs_jserp-result_search-card
Farmácias Pague Menos,Pessoa Operadora de Caixa - Dionísio Torres,"Fortaleza, Ceará, Brazil",Be an early applicant,09-11-2023,https://br.linkedin.com/jobs/view/pessoa-operadora-de-caixa-dion%C3%ADsio-torres-at-farm%C3%A1cias-pague-menos-3761513738?refId=2vhBG6kZcYK6cQTEkdc7dg%3D%3D&trackingId=h1eBV9bg7W9tC%2FlFw6S38Q%3D%3D&position=21&pageNum=3&trk=public_jobs_jserp-result_search-card
Vitru Education,Assistente de Recrutamento e Seleção,"Maringá, Paraná, Brazil",Be an early applicant,09-11-2023,https://br.linkedin.com/jobs/view/assistente-de-recrutamento-e-sele%C3%A7%C3%A3o-at-vitru-education-3761512921?refId=2vhBG6kZcYK6cQTEkdc7dg%3D%3D&trackingId=vYElTn4J3mJxbNtSav4GHw%3D%3D&position=22&pageNum=3&trk=public_jobs_jserp-result_search-card
EXPRESSO LEOMAR,motorista,"Garibaldi, Rio Grande do Sul, Brazil",Be an early applicant,09-11-2023,https://br.linkedin.com/jobs/view/motorista-at-expresso-leomar-3761522203?refId=2vhBG6kZcYK6cQTEkdc7dg%3D%3D&trackingId=5AS%2F%2FDyij8SWj%2Bez24ZTNQ%3D%3D&position=23&pageNum=3&trk=public_jobs_jserp-result_search-card
Tree Top Staffing LLC,Administrative Assistant,EMEA,Be an early applicant,09-11-2023,https://www.linkedin.com/jobs/view/administrative-assistant-at-tree-top-staffing-llc-3761520024?refId=2vhBG6kZcYK6cQTEkdc7dg%3D%3D&trackingId=CQmn7CnydHXO7wYuyU%2BBQQ%3D%3D&position=24&pageNum=3&trk=public_jobs_jserp-result_search-card
NES Fircroft,Recruitment Manager - Relocation to Qatar - Oil and Gas,"City of Johannesburg, Gauteng, South Africa",Be an early applicant,09-11-2023,https://za.linkedin.com/jobs/view/recruitment-manager-relocation-to-qatar-oil-and-gas-at-nes-fircroft-3761521009?refId=2vhBG6kZcYK6cQTEkdc7dg%3D%3D&trackingId=STIUcPfO8UHSroEsELS1VQ%3D%3D&position=25&pageNum=3&trk=public_jobs_jserp-result_search-card
Roldão Atacadista,OPERADOR (A) DE CAIXA - BUTANTA,"São Paulo, São Paulo, Brazil",Be an early applicant,09-11-2023,https://br.linkedin.com/jobs/view/operador-a-de-caixa-butanta-at-rold%C3%A3o-atacadista-3761513762?refId=s%2FcIKdeJhNKM0aFpn6BXMQ%3D%3D&trackingId=b0Y4pKRBjhMowUl1HLPV6g%3D%3D&position=1&pageNum=4&trk=public_jobs_jserp-result_search-card
Grupo Coutinho,Auxiliar de Serviços Gerais,"Vitória, Espírito Santo, Brazil",Be an early applicant,09-11-2023,https://br.linkedin.com/jobs/view/auxiliar-de-servi%C3%A7os-gerais-at-grupo-coutinho-3761521751?refId=s%2FcIKdeJhNKM0aFpn6BXMQ%3D%3D&trackingId=3eqoiHbD7dC5TShgGPCRpA%3D%3D&position=2&pageNum=4&trk=public_jobs_jserp-result_search-card
PaulsCorp,Groundskeeper_Porter,"Lewisville, TX",Be an early applicant,09-11-2023,https://www.linkedin.com/jobs/view/groundskeeper-porter-at-paulscorp-3761520808?refId=s%2FcIKdeJhNKM0aFpn6BXMQ%3D%3D&trackingId=q3%2F6oBi8ghgxZhFHcPW1fQ%3D%3D&position=3&pageNum=4&trk=public_jobs_jserp-result_search-card
Ajinomoto do Brasil Industria e Comércio de Alimentos Ltda.,Operador de Produção,"Limeira, São Paulo, Brazil",Be an early applicant,09-11-2023,https://br.linkedin.com/jobs/view/operador-de-produ%C3%A7%C3%A3o-at-ajinomoto-do-brasil-industria-e-com%C3%A9rcio-de-alimentos-ltda-3761513663?refId=s%2FcIKdeJhNKM0aFpn6BXMQ%3D%3D&trackingId=WRqTeMG2tEm6eaa%2FTPJSgQ%3D%3D&position=4&pageNum=4&trk=public_jobs_jserp-result_search-card
Solis Mammography,Clinical Assistant II,"Chevy Chase, MD",Be an early applicant,09-11-2023,https://www.linkedin.com/jobs/view/clinical-assistant-ii-at-solis-mammography-3761524549?refId=s%2FcIKdeJhNKM0aFpn6BXMQ%3D%3D&trackingId=KjzQBiKesKJpDTdqQ2fK0Q%3D%3D&position=5&pageNum=4&trk=public_jobs_jserp-result_search-card
"Department for Levelling Up, Housing and Communities",Delivery officer for Scotland Team,"Edinburgh, Scotland, United Kingdom",Be an early applicant,09-11-2023,https://uk.linkedin.com/jobs/view/delivery-officer-for-scotland-team-at-department-for-levelling-up-housing-and-communities-3761510321?refId=s%2FcIKdeJhNKM0aFpn6BXMQ%3D%3D&trackingId=v2G6Hd%2BiPsSZ5E5KD8bbfA%3D%3D&position=6&pageNum=4&trk=public_jobs_jserp-result_search-card
"Department for Levelling Up, Housing and Communities",Policy Officer: Emergency Preparedness and Response,"London, England, United Kingdom",Be an early applicant,09-11-2023,https://uk.linkedin.com/jobs/view/policy-officer-emergency-preparedness-and-response-at-department-for-levelling-up-housing-and-communities-3761507677?refId=s%2FcIKdeJhNKM0aFpn6BXMQ%3D%3D&trackingId=g2AClbZEfJXd880E1yGBkA%3D%3D&position=7&pageNum=4&trk=public_jobs_jserp-result_search-card
Farmácias Pague Menos,Pessoa Operadora de Caixa - Dionísio Torres,"Fortaleza, Ceará, Brazil",Be an early applicant,09-11-2023,https://br.linkedin.com/jobs/view/pessoa-operadora-de-caixa-dion%C3%ADsio-torres-at-farm%C3%A1cias-pague-menos-3761513738?refId=s%2FcIKdeJhNKM0aFpn6BXMQ%3D%3D&trackingId=XYjbTenqUmjxcME3gkaIdA%3D%3D&position=8&pageNum=4&trk=public_jobs_jserp-result_search-card
Zidane Development Group,Client Relations Representative,"Arlington, VA",Be an early applicant,09-11-2023,https://www.linkedin.com/jobs/view/client-relations-representative-at-zidane-development-group-3761522631?refId=s%2FcIKdeJhNKM0aFpn6BXMQ%3D%3D&trackingId=TN9lf7Uwyh8nEtGuA4nhYw%3D%3D&position=9&pageNum=4&trk=public_jobs_jserp-result_search-card
ASTRA,MOTORISTA,"Jundiaí, São Paulo, Brazil",Be an early applicant,09-11-2023,https://br.linkedin.com/jobs/view/motorista-at-astra-3761515650?refId=s%2FcIKdeJhNKM0aFpn6BXMQ%3D%3D&trackingId=%2FizeABodyS0%2F3YqkAiVXYw%3D%3D&position=10&pageNum=4&trk=public_jobs_jserp-result_search-card
Assaí Atacadista,Operador(a) de Caixa - Loja Cesário de Melo,"Rio de Janeiro, Rio de Janeiro, Brazil",Be an early applicant,09-11-2023,https://br.linkedin.com/jobs/view/operador-a-de-caixa-loja-ces%C3%A1rio-de-melo-at-assa%C3%AD-atacadista-3761511954?refId=s%2FcIKdeJhNKM0aFpn6BXMQ%3D%3D&trackingId=uMYz03FQajAG9urAoLDFcg%3D%3D&position=11&pageNum=4&trk=public_jobs_jserp-result_search-card
Vitru Education,Assistente de Recrutamento e Seleção,"Maringá, Paraná, Brazil",Be an early applicant,09-11-2023,https://br.linkedin.com/jobs/view/assistente-de-recrutamento-e-sele%C3%A7%C3%A3o-at-vitru-education-3761512921?refId=s%2FcIKdeJhNKM0aFpn6BXMQ%3D%3D&trackingId=r%2Fl2zjeo1uUH%2F2Ugubj5OQ%3D%3D&position=12&pageNum=4&trk=public_jobs_jserp-result_search-card
NES Fircroft,Recruitment Manager - Relocation to Qatar - Oil and Gas,"City of Johannesburg, Gauteng, South Africa",Be an early applicant,09-11-2023,https://za.linkedin.com/jobs/view/recruitment-manager-relocation-to-qatar-oil-and-gas-at-nes-fircroft-3761521009?refId=s%2FcIKdeJhNKM0aFpn6BXMQ%3D%3D&trackingId=OASjxh8xh7QvCHhbO2PQVQ%3D%3D&position=13&pageNum=4&trk=public_jobs_jserp-result_search-card
Premier's Department NSW,Project Support Officer (Elections Operations),"Sydney, New South Wales, Australia",Be an early applicant,09-11-2023,https://au.linkedin.com/jobs/view/project-support-officer-elections-operations-at-premier-s-department-nsw-3761513497?refId=s%2FcIKdeJhNKM0aFpn6BXMQ%3D%3D&trackingId=D83BQDY8a2kCzZ3cPbzLpg%3D%3D&position=14&pageNum=4&trk=public_jobs_jserp-result_search-card
Tree Top Staffing LLC,Administrative Assistant,EMEA,Be an early applicant,09-11-2023,https://www.linkedin.com/jobs/view/administrative-assistant-at-tree-top-staffing-llc-3761520024?refId=s%2FcIKdeJhNKM0aFpn6BXMQ%3D%3D&trackingId=2UZclTrUKxdYA8FsWccCHg%3D%3D&position=15&pageNum=4&trk=public_jobs_jserp-result_search-card
Atacado Ideal,auxiliar de expedição,"Porto Ferreira, São Paulo, Brazil",Be an early applicant,09-11-2023,https://br.linkedin.com/jobs/view/auxiliar-de-expedi%C3%A7%C3%A3o-at-atacado-ideal-3761521194?refId=s%2FcIKdeJhNKM0aFpn6BXMQ%3D%3D&trackingId=InnSTg0ExANKc87R%2BZXnLA%3D%3D&position=16&pageNum=4&trk=public_jobs_jserp-result_search-card
Alvoar Lácteos,VENDEDOR - TEMPORÁRIO,"Fortaleza, Ceará, Brazil",Be an early applicant,09-11-2023,https://br.linkedin.com/jobs/view/vendedor-tempor%C3%A1rio-at-alvoar-l%C3%A1cteos-3761518242?refId=s%2FcIKdeJhNKM0aFpn6BXMQ%3D%3D&trackingId=aCC1qlhjXzpu3h3loLkMBg%3D%3D&position=17&pageNum=4&trk=public_jobs_jserp-result_search-card
Biotrop Soluções Biológicas,ANALISTA DE QUALIDADE - SEDE JAGUARIÚNA,"Jaguariúna, São Paulo, Brazil",Be an early applicant,09-11-2023,https://br.linkedin.com/jobs/view/analista-de-qualidade-sede-jaguari%C3%BAna-at-biotrop-solu%C3%A7%C3%B5es-biol%C3%B3gicas-3761514676?refId=s%2FcIKdeJhNKM0aFpn6BXMQ%3D%3D&trackingId=973J%2B7K%2FQRoBgvAJXAWJAw%3D%3D&position=18&pageNum=4&trk=public_jobs_jserp-result_search-card
Walmart de México y Centroamérica,Gerencia de transportes,"Guadalajara, Jalisco, Mexico",Be an early applicant,09-11-2023,https://mx.linkedin.com/jobs/view/gerencia-de-transportes-at-walmart-de-m%C3%A9xico-y-centroam%C3%A9rica-3761508651?refId=s%2FcIKdeJhNKM0aFpn6BXMQ%3D%3D&trackingId=cSkWhpw7lM4wDaDrnpwsqQ%3D%3D&position=19&pageNum=4&trk=public_jobs_jserp-result_search-card
Grupo Bisutti,Assistente Administrativo,"São Paulo, São Paulo, Brazil",Be an early applicant,09-11-2023,https://br.linkedin.com/jobs/view/assistente-administrativo-at-grupo-bisutti-3761517319?refId=s%2FcIKdeJhNKM0aFpn6BXMQ%3D%3D&trackingId=ivJFoORMy852UK5f0mMnXw%3D%3D&position=21&pageNum=4&trk=public_jobs_jserp-result_search-card
Ypê,Tecnico Seguranca Trabalho,Greater Goiania,Be an early applicant,09-11-2023,https://br.linkedin.com/jobs/view/tecnico-seguranca-trabalho-at-yp%C3%AA-3761512994?refId=s%2FcIKdeJhNKM0aFpn6BXMQ%3D%3D&trackingId=u49PSdDFjxOESoAoixqWOg%3D%3D&position=22&pageNum=4&trk=public_jobs_jserp-result_search-card
SSA - São Salvador Alimentos,Analista Administrativo - Portaria e Vigilância - ITA,"Itaberaí, Goiás, Brazil",Be an early applicant,09-11-2023,https://br.linkedin.com/jobs/view/analista-administrativo-portaria-e-vigil%C3%A2ncia-ita-at-ssa-s%C3%A3o-salvador-alimentos-3761517216?refId=s%2FcIKdeJhNKM0aFpn6BXMQ%3D%3D&trackingId=M2U6vhfl2IuRsugaWklfrA%3D%3D&position=23&pageNum=4&trk=public_jobs_jserp-result_search-card
UNIASSELVI,Supervisor de Disciplina - Engenharia Mecânica,Brazil,Be an early applicant,09-11-2023,https://br.linkedin.com/jobs/view/supervisor-de-disciplina-engenharia-mec%C3%A2nica-at-uniasselvi-3761516647?refId=s%2FcIKdeJhNKM0aFpn6BXMQ%3D%3D&trackingId=lDMR4wP9vqlZh%2Bqr04Zvtg%3D%3D&position=24&pageNum=4&trk=public_jobs_jserp-result_search-card
"Department for Levelling Up, Housing and Communities",Policy Lead - Rapid Response Team,"Wolverhampton, England, United Kingdom",Be an early applicant,09-11-2023,https://uk.linkedin.com/jobs/view/policy-lead-rapid-response-team-at-department-for-levelling-up-housing-and-communities-3761502270?refId=s%2FcIKdeJhNKM0aFpn6BXMQ%3D%3D&trackingId=Nzr177KsKgGykrxj5afMOA%3D%3D&position=25&pageNum=4&trk=public_jobs_jserp-result_search-card
Crevisc – Cooperativa Ailos,Assistente de Riscos e Controles,"Guaramirim, Santa Catarina, Brazil",Be an early applicant,09-11-2023,https://br.linkedin.com/jobs/view/assistente-de-riscos-e-controles-at-crevisc-%E2%80%93-cooperativa-ailos-3761511915?refId=1h%2F6aqiajZ%2B0cAt%2F23zEBg%3D%3D&trackingId=%2Bc5NAw21QwQlyJWQNBX%2BIA%3D%3D&position=1&pageNum=5&trk=public_jobs_jserp-result_search-card
Grupo Marista,Analista de Comunicação e Marketing Pl - PUCPR Campus Toledo,"Toledo, Paraná, Brazil",Be an early applicant,09-11-2023,https://br.linkedin.com/jobs/view/analista-de-comunica%C3%A7%C3%A3o-e-marketing-pl-pucpr-campus-toledo-at-grupo-marista-3761511952?refId=1h%2F6aqiajZ%2B0cAt%2F23zEBg%3D%3D&trackingId=W8%2Bi6YqbSWdzDaPXq3bWcw%3D%3D&position=2&pageNum=5&trk=public_jobs_jserp-result_search-card
UNIASSELVI,Supervisor de Disciplina - Engenharia Mecânica,Brazil,Be an early applicant,09-11-2023,https://br.linkedin.com/jobs/view/supervisor-de-disciplina-engenharia-mec%C3%A2nica-at-uniasselvi-3761516647?refId=1h%2F6aqiajZ%2B0cAt%2F23zEBg%3D%3D&trackingId=tSKYoIYdjhaEOc81nvGFNQ%3D%3D&position=3&pageNum=5&trk=public_jobs_jserp-result_search-card
JSL S.A.,ASSISTENTE DE TRAFEGO,"Indaiatuba, São Paulo, Brazil",Be an early applicant,09-11-2023,https://br.linkedin.com/jobs/view/assistente-de-trafego-at-jsl-s-a-3761512987?refId=1h%2F6aqiajZ%2B0cAt%2F23zEBg%3D%3D&trackingId=xLHY99izvp6eqC521%2BhoZQ%3D%3D&position=4&pageNum=5&trk=public_jobs_jserp-result_search-card
PareBem Estacionamentos,Operador de Estacionamento,"Cabo Frio, Rio de Janeiro, Brazil",Be an early applicant,09-11-2023,https://br.linkedin.com/jobs/view/operador-de-estacionamento-at-parebem-estacionamentos-3761517317?refId=1h%2F6aqiajZ%2B0cAt%2F23zEBg%3D%3D&trackingId=T9Gx6sORemoXyiIOet6VkQ%3D%3D&position=5&pageNum=5&trk=public_jobs_jserp-result_search-card
MDS Group,ENFERMEIRO EM GESTÃO DE SAÚDE,"Rio de Janeiro, Rio de Janeiro, Brazil",Be an early applicant,09-11-2023,https://br.linkedin.com/jobs/view/enfermeiro-em-gest%C3%A3o-de-sa%C3%BAde-at-mds-group-3761513692?refId=1h%2F6aqiajZ%2B0cAt%2F23zEBg%3D%3D&trackingId=8ds58Z3096zyb3cRcRNXjg%3D%3D&position=6&pageNum=5&trk=public_jobs_jserp-result_search-card
Atlantica Hotels International,Analista de Recursos Humanos I,"Barueri, São Paulo, Brazil",Be an early applicant,09-11-2023,https://br.linkedin.com/jobs/view/analista-de-recursos-humanos-i-at-atlantica-hospitality-international-3761516673?refId=1h%2F6aqiajZ%2B0cAt%2F23zEBg%3D%3D&trackingId=M%2F8E%2BsH%2F9zXap3EKggyLlg%3D%3D&position=7&pageNum=5&trk=public_jobs_jserp-result_search-card
Farmácias Pague Menos,Pessoa Operadora de Caixa - Meireles,"Fortaleza, Ceará, Brazil",Be an early applicant,09-11-2023,https://br.linkedin.com/jobs/view/pessoa-operadora-de-caixa-meireles-at-farm%C3%A1cias-pague-menos-3761511922?refId=1h%2F6aqiajZ%2B0cAt%2F23zEBg%3D%3D&trackingId=oEe86RkuIncn3vchH1AV6Q%3D%3D&position=8&pageNum=5&trk=public_jobs_jserp-result_search-card
Cabinet Office,Assistant Head of Church and Lord-Lieutenant Appointments,"Lembang, West Java, Indonesia",Be an early applicant,09-11-2023,https://id.linkedin.com/jobs/view/assistant-head-of-church-and-lord-lieutenant-appointments-at-cabinet-office-3761510277?refId=1h%2F6aqiajZ%2B0cAt%2F23zEBg%3D%3D&trackingId=6A44XOYiQam2JM2xPaRD%2Bg%3D%3D&position=9&pageNum=5&trk=public_jobs_jserp-result_search-card
Senai Goiás,Técnico(a) de Informática - Técnico(a) III,"Rio Verde, Goiás, Brazil",Be an early applicant,09-11-2023,https://br.linkedin.com/jobs/view/t%C3%A9cnico-a-de-inform%C3%A1tica-t%C3%A9cnico-a-iii-at-senai-goi%C3%A1s-3761516604?refId=1h%2F6aqiajZ%2B0cAt%2F23zEBg%3D%3D&trackingId=73CLOFAcjX2ddzIxTOSE%2Bg%3D%3D&position=10&pageNum=5&trk=public_jobs_jserp-result_search-card
Farmácias Pague Menos,Pessoa Operadora de Caixa - Graca,"Salvador, Bahia, Brazil",Be an early applicant,09-11-2023,https://br.linkedin.com/jobs/view/pessoa-operadora-de-caixa-graca-at-farm%C3%A1cias-pague-menos-3761517272?refId=1h%2F6aqiajZ%2B0cAt%2F23zEBg%3D%3D&trackingId=FQ4d7mXwhPJi2fgHSFbV%2BQ%3D%3D&position=11&pageNum=5&trk=public_jobs_jserp-result_search-card
SPDM - Associação Paulista para o Desenvolvimento da Medicina,RECEPCIONISTA,"São Paulo, São Paulo, Brazil",Be an early applicant,09-11-2023,https://br.linkedin.com/jobs/view/recepcionista-at-spdm-associa%C3%A7%C3%A3o-paulista-para-o-desenvolvimento-da-medicina-3761518257?refId=1h%2F6aqiajZ%2B0cAt%2F23zEBg%3D%3D&trackingId=5kCfMd6yfN7LLCXMSLnF6g%3D%3D&position=12&pageNum=5&trk=public_jobs_jserp-result_search-card
Farma Ponte,Auxiliar de Farmácia I e III (com e sem experiência em Drogaria) - PERIODO TARDE/NOITE,"Cabreúva, São Paulo, Brazil",Be an early applicant,09-11-2023,https://br.linkedin.com/jobs/view/auxiliar-de-farm%C3%A1cia-i-e-iii-com-e-sem-experi%C3%AAncia-em-drogaria-periodo-tarde-noite-at-farma-ponte-3761507986?refId=1h%2F6aqiajZ%2B0cAt%2F23zEBg%3D%3D&trackingId=jV47ewiSc99HHHS%2BKMHraQ%3D%3D&position=13&pageNum=5&trk=public_jobs_jserp-result_search-card
Breeze,Doméstica,"Lago Norte, Federal District, Brazil",Be an early applicant,09-11-2023,https://br.linkedin.com/jobs/view/dom%C3%A9stica-at-breeze-3761517987?refId=1h%2F6aqiajZ%2B0cAt%2F23zEBg%3D%3D&trackingId=DPKIS7D0LJ7HvSikbIIDlQ%3D%3D&position=14&pageNum=5&trk=public_jobs_jserp-result_search-card
Diálogo Engenharia,Auxiliar Administrativo - Contratos,"São Paulo, São Paulo, Brazil",Be an early applicant,09-11-2023,https://br.linkedin.com/jobs/view/auxiliar-administrativo-contratos-at-di%C3%A1logo-engenharia-3761518262?refId=1h%2F6aqiajZ%2B0cAt%2F23zEBg%3D%3D&trackingId=TvovCL8Ftj3n0Wel640OMw%3D%3D&position=15&pageNum=5&trk=public_jobs_jserp-result_search-card
Roldão Atacadista,AÇOUGUEIRO (A) - BUTANTA,"São Paulo, São Paulo, Brazil",Be an early applicant,09-11-2023,https://br.linkedin.com/jobs/view/a%C3%A7ougueiro-a-butanta-at-rold%C3%A3o-atacadista-3761516652?refId=1h%2F6aqiajZ%2B0cAt%2F23zEBg%3D%3D&trackingId=gIqN81PimWDl5dsDd3pS7w%3D%3D&position=16&pageNum=5&trk=public_jobs_jserp-result_search-card
Maplezs Management Services LLC,Cashier,"Dubai, United Arab Emirates",Be an early applicant,09-11-2023,https://ae.linkedin.com/jobs/view/cashier-at-maplezs-management-services-llc-3759580812?refId=1h%2F6aqiajZ%2B0cAt%2F23zEBg%3D%3D&trackingId=B5qKxQCwB6MiqAwWhXXQxQ%3D%3D&position=17&pageNum=5&trk=public_jobs_jserp-result_search-card
Stocche Forbes Advogados,Estagiário(a) - Contencioso Cível,"Brasília, Federal District, Brazil",Be an early applicant,09-11-2023,https://br.linkedin.com/jobs/view/estagi%C3%A1rio-a-contencioso-c%C3%ADvel-at-stocche-forbes-advogados-3761515651?refId=1h%2F6aqiajZ%2B0cAt%2F23zEBg%3D%3D&trackingId=nSp8avvt4ddkV%2F6onFMK6A%3D%3D&position=19&pageNum=5&trk=public_jobs_jserp-result_search-card
Costa Brasil,Assistente Operacional - Santarém / PA,"Santarém, Pará, Brazil",Be an early applicant,09-11-2023,https://br.linkedin.com/jobs/view/assistente-operacional-santar%C3%A9m-pa-at-costa-brasil-3761518255?refId=1h%2F6aqiajZ%2B0cAt%2F23zEBg%3D%3D&trackingId=rHYhvTyGG6XLYKiEdtFK0A%3D%3D&position=20&pageNum=5&trk=public_jobs_jserp-result_search-card
Famous Supply,Customer Support Representative,"Akron, OH",Be an early applicant,09-11-2023,https://www.linkedin.com/jobs/view/customer-support-representative-at-famous-supply-3761526117?refId=1h%2F6aqiajZ%2B0cAt%2F23zEBg%3D%3D&trackingId=dffZ61oO%2Fmr2e9d%2FbuvD0Q%3D%3D&position=21&pageNum=5&trk=public_jobs_jserp-result_search-card
Farmácias Pague Menos,Pessoa Operadora de Caixa - Jardim Paulista,"São Paulo, São Paulo, Brazil",Be an early applicant,09-11-2023,https://br.linkedin.com/jobs/view/pessoa-operadora-de-caixa-jardim-paulista-at-farm%C3%A1cias-pague-menos-3761514695?refId=1h%2F6aqiajZ%2B0cAt%2F23zEBg%3D%3D&trackingId=4iqwDHNzuFmndYL5jlKU6Q%3D%3D&position=22&pageNum=5&trk=public_jobs_jserp-result_search-card
Met Office,Personal Assistant,"Exeter, England, United Kingdom",Be an early applicant,,https://uk.linkedin.com/jobs/view/personal-assistant-at-met-office-3761503358?refId=1h%2F6aqiajZ%2B0cAt%2F23zEBg%3D%3D&trackingId=kGnRJJFk8KtIexjdNTN%2BHQ%3D%3D&position=24&pageNum=5&trk=public_jobs_jserp-result_search-card
First American,Data Analyst (Remote),"Santa Ana, CA",Be an early applicant,,https://www.linkedin.com/jobs/view/data-analyst-remote-at-first-american-3761519200?refId=1h%2F6aqiajZ%2B0cAt%2F23zEBg%3D%3D&trackingId=%2FOKbaRZXZhEr0AWEPX%2F88A%3D%3D&position=25&pageNum=5&trk=public_jobs_jserp-result_search-card
Cabinet Office,Assistant Head of Church and Lord-Lieutenant Appointments,"Lembang, West Java, Indonesia",Be an early applicant,,https://id.linkedin.com/jobs/view/assistant-head-of-church-and-lord-lieutenant-appointments-at-cabinet-office-3761510277?refId=N05dstdmvGTMkgtyTOBK3g%3D%3D&trackingId=s969mPb2uRgV5ctnYkQ6Ww%3D%3D&position=1&pageNum=6&trk=public_jobs_jserp-result_search-card
Onin Staffing,Warehouse Associates,"Lincoln, AL",Be an early applicant,,https://www.linkedin.com/jobs/view/warehouse-associates-at-onin-staffing-3761526247?refId=N05dstdmvGTMkgtyTOBK3g%3D%3D&trackingId=uLCevz1BQJtoUaKdtajipg%3D%3D&position=2&pageNum=6&trk=public_jobs_jserp-result_search-card
IBH Serviços e Participações S/A,ANALISTA DE ADM PESSOAL JR.,"Ribeirão Preto, São Paulo, Brazil",Be an early applicant,,https://br.linkedin.com/jobs/view/analista-de-adm-pessoal-jr-at-ibh-servi%C3%A7os-e-participa%C3%A7%C3%B5es-s-a-3761511962?refId=N05dstdmvGTMkgtyTOBK3g%3D%3D&trackingId=9ktGs3nAmzpDxmB1kiQpmQ%3D%3D&position=4&pageNum=6&trk=public_jobs_jserp-result_search-card
Senai Goiás,Técnico(a) de Informática - Técnico(a) III,"Rio Verde, Goiás, Brazil",Be an early applicant,,https://br.linkedin.com/jobs/view/t%C3%A9cnico-a-de-inform%C3%A1tica-t%C3%A9cnico-a-iii-at-senai-goi%C3%A1s-3761516604?refId=N05dstdmvGTMkgtyTOBK3g%3D%3D&trackingId=jG3mZ%2FGzbjmaq6L9eYC7Vw%3D%3D&position=5&pageNum=6&trk=public_jobs_jserp-result_search-card
Farmácias Pague Menos,Pessoa Operadora de Caixa - Graca,"Salvador, Bahia, Brazil",Be an early applicant,,https://br.linkedin.com/jobs/view/pessoa-operadora-de-caixa-graca-at-farm%C3%A1cias-pague-menos-3761517272?refId=N05dstdmvGTMkgtyTOBK3g%3D%3D&trackingId=NFQlQj0%2FINCmXXcfDp%2F0xw%3D%3D&position=6&pageNum=6&trk=public_jobs_jserp-result_search-card
SPDM - Associação Paulista para o Desenvolvimento da Medicina,RECEPCIONISTA,"São Paulo, São Paulo, Brazil",Be an early applicant,,https://br.linkedin.com/jobs/view/recepcionista-at-spdm-associa%C3%A7%C3%A3o-paulista-para-o-desenvolvimento-da-medicina-3761518257?refId=N05dstdmvGTMkgtyTOBK3g%3D%3D&trackingId=v1wnARaqu0Xhk8wyk39WsA%3D%3D&position=7&pageNum=6&trk=public_jobs_jserp-result_search-card
Farma Ponte,Auxiliar de Farmácia I e III (com e sem experiência em Drogaria) - PERIODO TARDE/NOITE,"Cabreúva, São Paulo, Brazil",Be an early applicant,,https://br.linkedin.com/jobs/view/auxiliar-de-farm%C3%A1cia-i-e-iii-com-e-sem-experi%C3%AAncia-em-drogaria-periodo-tarde-noite-at-farma-ponte-3761507986?refId=N05dstdmvGTMkgtyTOBK3g%3D%3D&trackingId=z1NBiQYQYf%2Bqe4Db8uDzkg%3D%3D&position=8&pageNum=6&trk=public_jobs_jserp-result_search-card
Diálogo Engenharia,Auxiliar Administrativo - Contratos,"São Paulo, São Paulo, Brazil",Be an early applicant,,https://br.linkedin.com/jobs/view/auxiliar-administrativo-contratos-at-di%C3%A1logo-engenharia-3761518262?refId=N05dstdmvGTMkgtyTOBK3g%3D%3D&trackingId=uVsAs9UaLCQo3Zrcw41w5Q%3D%3D&position=9&pageNum=6&trk=public_jobs_jserp-result_search-card
Roldão Atacadista,AÇOUGUEIRO (A) - BUTANTA,"São Paulo, São Paulo, Brazil",Be an early applicant,,https://br.linkedin.com/jobs/view/a%C3%A7ougueiro-a-butanta-at-rold%C3%A3o-atacadista-3761516652?refId=N05dstdmvGTMkgtyTOBK3g%3D%3D&trackingId=IlC94aJ9wb852X%2F4veM3Cw%3D%3D&position=10&pageNum=6&trk=public_jobs_jserp-result_search-card
Maplezs Management Services LLC,Cashier,"Dubai, United Arab Emirates",Be an early applicant,,https://ae.linkedin.com/jobs/view/cashier-at-maplezs-management-services-llc-3759580812?refId=N05dstdmvGTMkgtyTOBK3g%3D%3D&trackingId=5%2F7uZ01VDHAaWFIU2ayLFg%3D%3D&position=11&pageNum=6&trk=public_jobs_jserp-result_search-card
Costa Brasil,Assistente Operacional - Santarém / PA,"Santarém, Pará, Brazil",Be an early applicant,,https://br.linkedin.com/jobs/view/assistente-operacional-santar%C3%A9m-pa-at-costa-brasil-3761518255?refId=N05dstdmvGTMkgtyTOBK3g%3D%3D&trackingId=fE8U431K7JKWrQoeG%2FY5gg%3D%3D&position=13&pageNum=6&trk=public_jobs_jserp-result_search-card
Famous Supply,Customer Support Representative,"Akron, OH",Be an early applicant,,https://www.linkedin.com/jobs/view/customer-support-representative-at-famous-supply-3761526117?refId=N05dstdmvGTMkgtyTOBK3g%3D%3D&trackingId=UEo%2BuXOo7ZXzJRSSZYQ5WQ%3D%3D&position=14&pageNum=6&trk=public_jobs_jserp-result_search-card
Farmácias Pague Menos,Pessoa Operadora de Caixa - Jardim Paulista,"São Paulo, São Paulo, Brazil",Be an early applicant,,https://br.linkedin.com/jobs/view/pessoa-operadora-de-caixa-jardim-paulista-at-farm%C3%A1cias-pague-menos-3761514695?refId=N05dstdmvGTMkgtyTOBK3g%3D%3D&trackingId=V3Pyd5VpA%2FaXf7aoDa95AQ%3D%3D&position=15&pageNum=6&trk=public_jobs_jserp-result_search-card
"Department for Levelling Up, Housing and Communities",Information Management Officer,"Darlington, England, United Kingdom",Be an early applicant,,https://uk.linkedin.com/jobs/view/information-management-officer-at-department-for-levelling-up-housing-and-communities-3761508270?refId=N05dstdmvGTMkgtyTOBK3g%3D%3D&trackingId=qCZgYkqnoqexFi3fK86etA%3D%3D&position=16&pageNum=6&trk=public_jobs_jserp-result_search-card
Gastroenterology of the Rockies,Office MA,"Denver, CO",Be an early applicant,,https://www.linkedin.com/jobs/view/office-ma-at-gastroenterology-of-the-rockies-3761523410?refId=N05dstdmvGTMkgtyTOBK3g%3D%3D&trackingId=g3dQcpZzv6yvTGm8Kpsnhw%3D%3D&position=17&pageNum=6&trk=public_jobs_jserp-result_search-card
First American,Data Analyst (Remote),"Santa Ana, CA",Be an early applicant,,https://www.linkedin.com/jobs/view/data-analyst-remote-at-first-american-3761519200?refId=N05dstdmvGTMkgtyTOBK3g%3D%3D&trackingId=rLIWW6czgc%2FA8WvA968ktA%3D%3D&position=18&pageNum=6&trk=public_jobs_jserp-result_search-card
Hotel Opuka,Recepcionista de Hotel,"Sorriso, Mato Grosso, Brazil",Be an early applicant,,https://br.linkedin.com/jobs/view/recepcionista-de-hotel-at-hotel-opuka-3761511650?refId=N05dstdmvGTMkgtyTOBK3g%3D%3D&trackingId=0aJhmxiauAGeqFUJrdTfvw%3D%3D&position=19&pageNum=6&trk=public_jobs_jserp-result_search-card
Leo Madeiras,ATENDENTE,"São Paulo, São Paulo, Brazil",Be an early applicant,,https://br.linkedin.com/jobs/view/atendente-at-leo-madeiras-3761515579?refId=N05dstdmvGTMkgtyTOBK3g%3D%3D&trackingId=elGF2XX2rnxb169oyMalLw%3D%3D&position=20&pageNum=6&trk=public_jobs_jserp-result_search-card
TNC,科学志愿者,"Chaoyang District, Beijing, China",Be an early applicant,,https://cn.linkedin.com/jobs/view/%E7%A7%91%E5%AD%A6%E5%BF%97%E6%84%BF%E8%80%85-at-tnc-3761517809?refId=N05dstdmvGTMkgtyTOBK3g%3D%3D&trackingId=%2FTAEIqNa%2FdDp3TkOuAoQlw%3D%3D&position=21&pageNum=6&trk=public_jobs_jserp-result_search-card
Grupo Nós,Analista de Manutenção Júnior,"São Paulo, São Paulo, Brazil",,,https://br.linkedin.com/jobs/view/analista-de-manuten%C3%A7%C3%A3o-j%C3%BAnior-at-grupo-n%C3%B3s-3761511910?refId=N05dstdmvGTMkgtyTOBK3g%3D%3D&trackingId=OWKjY%2BsNgs0qPmVDwYNt%2BQ%3D%3D&position=22&pageNum=6&trk=public_jobs_jserp-result_search-card
"Department for Levelling Up, Housing and Communities",AI Strategy and Engagement Lead,"Darlington, England, United Kingdom",,,https://uk.linkedin.com/jobs/view/ai-strategy-and-engagement-lead-at-department-for-levelling-up-housing-and-communities-3761508811?refId=N05dstdmvGTMkgtyTOBK3g%3D%3D&trackingId=P%2BXGBSxhpSFrgCwtFO%2FzZQ%3D%3D&position=23&pageNum=6&trk=public_jobs_jserp-result_search-card
Supergiro Distribuidora,BANCO DE OPORTUNIDADES,"Boa Vista, Roraima, Brazil",,,https://br.linkedin.com/jobs/view/banco-de-oportunidades-at-supergiro-distribuidora-3761511993?refId=N05dstdmvGTMkgtyTOBK3g%3D%3D&trackingId=mpAndZNiTvflWRjNvSXXww%3D%3D&position=24&pageNum=6&trk=public_jobs_jserp-result_search-card
AZM FinTech | عزم التقنية المالية,AML\CTF Officer,"Riyadh, Riyadh, Saudi Arabia",,,https://sa.linkedin.com/jobs/view/aml-ctf-officer-at-azm-fintech-%D8%B9%D8%B2%D9%85-%D8%A7%D9%84%D8%AA%D9%82%D9%86%D9%8A%D8%A9-%D8%A7%D9%84%D9%85%D8%A7%D9%84%D9%8A%D8%A9-3761526298?refId=N05dstdmvGTMkgtyTOBK3g%3D%3D&trackingId=NzTCvIMwcTTtVMFCxwU0OQ%3D%3D&position=25&pageNum=6&trk=public_jobs_jserp-result_search-card
